﻿<?xml version="1.0" encoding="utf-8"?>
<Feature xmlns="http://schemas.microsoft.com/sharepoint/" Title="LookupFieldValueUpdater Feature1" Id="c5c62a0f-640f-4e6a-b57f-d80184203a89" Scope="Web" Version="1.0.0.0">
  <ElementManifests>
    <ElementManifest Location="LookupFieldValueUpdater\Elements.xml" />
  </ElementManifests>
  <UpgradeActions>
    <VersionRange>
      <ApplyElementManifests>
        <ElementManifest Location="LookupFieldValueUpdater\Elements.xml" />
      </ApplyElementManifests>
    </VersionRange>
  </UpgradeActions>
</Feature>
