﻿<?xml version="1.0" encoding="utf-8" ?>
<!--Created:cb85b80c-f585-40ff-8bfc-12ff4d0e34a9-->
<App xmlns="http://schemas.microsoft.com/sharepoint/2012/app/manifest"
     Name="Instant Intrant Projects Property Updater"
     ProductID="{00c35b4e-82e7-460f-a288-de601a075f00}"
     Version="1.0.0.0"
     SharePointMinVersion="16.0.0.0"
>
  <Properties>
    <Title>Instant Intrant Projects Property Updater</Title>
    <StartPage>~remoteAppUrl/?{StandardTokens}</StartPage>
    <InstalledEventEndpoint>~remoteAppUrl/Services/AppEventReceiver.svc</InstalledEventEndpoint>
    <UninstallingEventEndpoint>~remoteAppUrl/Services/AppEventReceiver.svc</UninstallingEventEndpoint>
  </Properties>

  <AppPrincipal>
    <RemoteWebApplication ClientId="*" />
  </AppPrincipal>
  <AppPermissionRequests AllowAppOnlyPolicy="false" >
    <AppPermissionRequest Scope="http://sharepoint/content/sitecollection" Right="FullControl" />
  </AppPermissionRequests>
</App>
