﻿<?xml version="1.0" encoding="utf-8"?>
<!--Published:70EDFC97-B41D-43C5-B751-7C00AD999804-->
<!--Created:cb85b80c-f585-40ff-8bfc-12ff4d0e34a9-->
<App xmlns="http://schemas.microsoft.com/sharepoint/2012/app/manifest" Name="Instant Intrant Projects Property Updater" ProductID="{00c35b4e-82e7-460f-a288-de601a075f00}" Version="1.0.0.0" SharePointMinVersion="16.0.0.0">
  <Properties>
    <Title>Instant Intrant Projects Property Updater</Title>
    <StartPage>https://instantintranetprojects.azurewebsites.net/?{StandardTokens}</StartPage>
    <InstalledEventEndpoint>https://instantintranetprojects.azurewebsites.net/Services/AppEventReceiver.svc</InstalledEventEndpoint>
    <UninstallingEventEndpoint>https://instantintranetprojects.azurewebsites.net/Services/AppEventReceiver.svc</UninstallingEventEndpoint>
  </Properties>
  <AppPrincipal>
    <RemoteWebApplication ClientId="b5f6df39-9c79-4d5b-8f7c-a379be64c73d" />
  </AppPrincipal>
  <AppPermissionRequests AllowAppOnlyPolicy="false">
    <AppPermissionRequest Scope="http://sharepoint/content/sitecollection" Right="FullControl" />
  </AppPermissionRequests>
</App>